{
    "name": "S1Pipeline",
    "properties": {
        "activities": [
            {
                "name": "Copy from ADL to ADL",
                "type": "Copy",
                "dependsOn": [],
                "policy": {
                    "timeout": "7.00:00:00",
                    "retry": 0,
                    "retryIntervalInSeconds": 30,
                    "secureOutput": false,
                    "secureInput": false
                },
                "userProperties": [],
                "typeProperties": {
                    "source": {
                        "type": "BinarySource",
                        "storeSettings": {
                            "type": "AzureDataLakeStoreReadSettings",
                            "recursive": true
                        },
                        "formatSettings": {
                            "type": "BinaryReadSettings"
                        }
                    },
                    "sink": {
                        "type": "BinarySink",
                        "storeSettings": {
                            "type": "AzureDataLakeStoreWriteSettings"
                        }
                    },
                    "enableStaging": false,
                    "validateDataConsistency": false
                },
                "inputs": [
                    {
                        "referenceName": "S1ADLSourceDataset",
                        "type": "DatasetReference"
                    }
                ],
                "outputs": [
                    {
                        "referenceName": "S1ADLSinkDataset",
                        "type": "DatasetReference"
                    }
                ]
            }
        ],
        "annotations": []
    },
    "type": "Microsoft.DataFactory/factories/pipelines"
}