{
    "name": "S1ADLSourceDataset",
    "properties": {
        "linkedServiceName": {
            "referenceName": "s1AzureDataLakeStoregen1",
            "type": "LinkedServiceReference"
        },
        "annotations": [],
        "type": "Binary",
        "typeProperties": {
            "location": {
                "type": "AzureDataLakeStoreLocation",
                "fileName": "s1data.csv",
                "folderPath": "S1SourceData"
            }
        }
    },
    "type": "Microsoft.DataFactory/factories/datasets"
}