{
    "now": "2020-05-29T18:06:32.732Z",
    "perfNow": 17586373.194999993,
    "diagnosticCorrelation": "531c7715-de2e-4f2f-8a99-dbe1450d902c",
    "source": "DownloadSupportFiles",
    "environment": {
        "productName": "adf",
        "buildVersion": "1.0.20200528.8",
        "environmentType": 3,
        "resourceName": "dftrainingadfwhhender",
        "resourceRegion": "centralus",
        "resourceGroup": "datafactorytrainingrgwhhender",
        "subscriptionId": "eced600c-1185-4ae6-8b70-868d11f0e810",
        "sessionId": "XXE+",
        "operationId": "U/oC/",
        "gitType": "live"
    },
    "additionalInfo": {
        "selectedResource": "S1Pipeline",
        "selectedResourceType": "pipeline"
    }
}